file,datetimefirst,wheel_km,Req_median,Req_95p,sag_95p,sag_max,v_min_strong,i_max,i_95p,i_phase_95p,i_phase_max,I_phase2_int,temp_board_max,temp_motor_max,R_batt_median,R_mosfet_hot
Wheel_V_0000.csv,2026-02-11T14:15:35.289456,797.97,0.0992735830199042,0.20540837633608686,4.3493113593125,5.706762331243139,72.302337092212,,,,,,46.415800286347356,59.99057653494454,,
Wheel_V_0001.csv,2026-02-18T14:15:35.289456,897.97,0.09346571255757304,0.20887644361434488,4.160382024320523,5.906562571844546,69.83317654880075,,,,,,46.384510905667995,58.95185589309908,,
Wheel_V_0002.csv,2026-02-25T14:15:35.289456,997.97,0.10754446750925442,0.20610225033662036,4.224517925904991,5.464152251700521,72.51651939747896,,,,,,46.207997488990436,59.275260153096056,,
Wheel_V_0003.csv,2026-03-04T14:15:35.289456,1097.97,0.10193181876935224,0.21040762438084584,4.4039279588077385,5.351653033554005,71.63050581623311,,,,,,46.1605884820283,59.04366785008911,,
Wheel_V_0004.csv,2026-03-11T14:15:35.289456,1197.97,0.09704535727839882,0.20099406403449563,3.9065148853770277,5.573674115482945,73.24506275966269,,,,,,46.37594207055167,62.523152259472276,,
Wheel_V_0005.csv,2026-03-18T14:15:35.289456,1297.97,0.10327897295490786,0.19455099420024483,4.304698930917773,5.652885196092783,72.04685967099371,,,,,,46.22019551561026,60.02431792660879,,
Wheel_V_0006.csv,2026-03-25T14:15:35.289456,1397.97,0.1059343447576459,0.2074358001294299,4.212841563854013,5.739301236266755,72.88986605828481,,,,,,46.17767385377553,58.50812256372143,,
Wheel_V_0007.csv,2026-04-01T14:15:35.289456,1497.97,0.11118209074046725,0.20446815850490993,4.223432126937997,5.4174962088158995,73.12153591305659,,,,,,46.29696470683443,59.56588735690159,,
Wheel_V_0008.csv,2026-04-08T14:15:35.289456,1597.97,0.10103466987742052,0.20195416554576182,4.456816287602812,5.7673375916118275,70.35233453059332,,,,,,46.72929875307569,58.56414391461061,,
Wheel_V_0009.csv,2026-04-15T14:15:35.289456,1697.97,0.11343163585881312,0.21427198556764826,4.50527638119533,5.6382203330196035,72.31381180189392,,,,,,46.16222574395888,61.29790376954519,,
Wheel_V_0010.csv,2026-04-22T14:15:35.289456,1797.97,0.09969803473444087,0.20746951034282285,4.426573341194184,5.9162772800147065,73.04531356986715,,,,,,46.38707501788499,60.3001302568795,,
Wheel_V_0011.csv,2026-04-29T14:15:35.289456,1897.97,0.10963559072790108,0.21039045858472985,4.409887852018652,5.54585170940254,70.70223488867543,,,,,,46.3579241318803,60.27792380546573,,
Wheel_V_0012.csv,2026-05-06T14:15:35.289456,1997.97,0.10413639310534006,0.20750732064266675,4.457367421055396,5.484461819171739,71.23555685834764,,,,,,46.43714271432077,59.42439523709449,,
Wheel_V_0013.csv,2026-05-13T14:15:35.289456,2097.9700000000003,0.10372500579466476,0.218145477110827,4.406276205256909,5.803800735386008,71.01603127953115,,,,,,46.409041308511995,59.320019549968485,,
Wheel_V_0014.csv,2026-05-20T14:15:35.289456,2197.9700000000003,0.1098674459072764,0.20714992918560002,4.397113348105636,5.815771193829403,72.31510224120642,,,,,,46.4857062926303,60.61757816846522,,
Wheel_V_0015.csv,2026-05-27T14:15:35.289456,2297.9700000000003,0.11181413102636417,0.2191996410599639,4.504120247578864,5.868380089532506,72.12175388491146,,,,,,46.68710733542583,60.29376188551143,,
Wheel_V_0016.csv,2026-06-03T14:15:35.289456,2397.9700000000003,0.11292308566188802,0.20502876380693996,4.467451585115166,5.585039057057439,70.8972071583492,,,,,,46.5833457414159,61.48248125248029,,
Wheel_V_0017.csv,2026-06-10T14:15:35.289456,2497.9700000000003,0.10926718274036633,0.2085354440005674,4.761169529406251,6.311689230489819,68.60179721318525,,,,,,46.67973536507327,60.049617798391445,,
Wheel_V_0018.csv,2026-06-17T14:15:35.289456,2597.9700000000003,0.11920873548658809,0.21722751378651936,4.587449871190629,5.966710845608777,71.29741894685375,,,,,,46.51852235833984,60.30246991789586,,
Wheel_V_0019.csv,2026-06-24T14:15:35.289456,2697.9700000000003,0.10879768072452889,0.21631539406536218,4.485590790782498,5.4279910614064,71.67477044187545,,,,,,46.52823384376368,61.19155813415154,,
Wheel_V_0020.csv,2026-07-01T14:15:35.289456,2797.9700000000003,0.11135910039541072,0.22023903493634153,4.415874704545173,6.2394748541498455,70.37184684308147,,,,,,46.40162905844954,58.912009816392406,,
Wheel_V_0021.csv,2026-07-08T14:15:35.289456,2897.9700000000003,0.11479996809912503,0.20728358343583816,4.463995161569277,6.152120429592288,69.96316141178966,,,,,,46.8914142467766,59.57775345930081,,
Wheel_V_0022.csv,2026-07-15T14:15:35.289456,2997.9700000000003,0.11104554480388475,0.21549146372707442,4.278575787083142,5.699529016883466,71.57075141668385,,,,,,46.63859377381169,59.89232069066712,,
Wheel_V_0023.csv,2026-07-22T14:15:35.289456,3097.9700000000003,0.11407476407687837,0.21203296370724556,4.6223124956265,5.901953584927332,70.99143584222044,,,,,,46.85443783627077,61.22169350926936,,
Wheel_V_0024.csv,2026-07-29T14:15:35.289456,3197.9700000000003,0.1216818869174559,0.21743934281117877,4.427183090644351,5.73248647562502,71.8680381651055,,,,,,46.75484460385127,61.54783492368914,,
Wheel_V_0025.csv,2026-08-05T14:15:35.289456,3297.9700000000003,0.11347717534659554,0.21841642937669065,4.4798073237459635,5.740076329408454,69.95650851191142,,,,,,46.78960329107844,61.426906495664575,,
Wheel_V_0026.csv,2026-08-12T14:15:35.289456,3397.9700000000003,0.11151956591287146,0.21313858679623748,4.607068387535551,6.106389728164283,71.03320976948919,,,,,,46.65856703074505,58.8374187747915,,
Wheel_V_0027.csv,2026-08-19T14:15:35.289456,3497.9700000000003,0.11871647059870052,0.21275102323693865,4.709330021338519,6.229901938148472,71.76899585061653,,,,,,46.872102670701096,59.79857478372647,,
Wheel_V_0028.csv,2026-08-26T14:15:35.289456,3597.9700000000003,0.11499049196468576,0.21929622441376623,4.371734962798811,6.186816333406912,72.25159054646824,,,,,,46.862304925151385,59.404392730824036,,
Wheel_V_0029.csv,2026-09-02T14:15:35.289456,3697.9700000000003,0.11184237513770819,0.22144169542880585,4.798121277646878,5.918764149805263,71.19612300637078,,,,,,46.90225884776343,61.26143478500648,,
Wheel_V_0030.csv,2026-09-09T14:15:35.289456,3797.9700000000003,0.11567579273231085,0.21174154194953979,4.708093720791711,6.132910225513252,70.57973521653089,,,,,,46.51356883206787,60.052924088092254,,
Wheel_V_0031.csv,2026-09-16T14:15:35.289456,3897.9700000000003,0.12074820626164359,0.21990951465540942,4.620087684725649,6.423593174178991,70.46741176390101,,,,,,46.83938110705127,60.95263023551437,,
Wheel_V_0032.csv,2026-09-23T14:15:35.289456,3997.9700000000003,0.12032855297230396,0.21436947308925336,4.807336015677298,6.1953016391429125,73.35021200277689,,,,,,46.89376423850146,62.02390683940104,,
Wheel_V_0033.csv,2026-09-30T14:15:35.289456,4097.97,0.12099899903632418,0.21060083402210253,4.585801613333338,6.311196150954348,70.04953687328545,,,,,,46.8428337419733,60.48058694472364,,
Wheel_V_0034.csv,2026-10-07T14:15:35.289456,4197.97,0.11739014716085094,0.21658087442420662,4.692396067786973,6.2084863004611,71.7375726644927,,,,,,46.77049717003825,61.16306806763371,,
Wheel_V_0035.csv,2026-10-14T14:15:35.289456,4297.97,0.12186751796150952,0.21775539615749698,4.594232950231748,6.2411618487609735,70.1259058477457,,,,,,46.91690963686565,62.686642051894864,,
Wheel_V_0036.csv,2026-10-21T14:15:35.289456,4397.97,0.11580490577215954,0.22023837111792316,4.818436786249178,6.249161490443948,71.919158404032,,,,,,46.779921871002976,58.57007330528444,,
Wheel_V_0037.csv,2026-10-28T14:15:35.289456,4497.97,0.12455204267761463,0.21448476574608996,4.781931975911411,6.677307309123503,69.52604279145967,,,,,,46.625252153824285,60.88590981930326,,
Wheel_V_0038.csv,2026-11-04T14:15:35.289456,4597.97,0.12687162957310133,0.2160649548776494,4.631689406283191,6.374842447637241,70.67107313701266,,,,,,47.09137171476294,62.80876215129372,,
Wheel_V_0039.csv,2026-11-11T14:15:35.289456,4697.97,0.1223867859455652,0.2130095762098042,4.711693178704975,6.517986328263774,71.65584445132372,,,,,,46.71357505898758,61.58175853613719,,
Wheel_V_0040.csv,2026-11-18T14:15:35.289456,4797.97,0.11365254490906736,0.21434371307922845,4.522501783838364,6.223879859528255,72.64568556225416,,,,,,46.937312226555406,61.84682272034881,,
Wheel_V_0041.csv,2026-11-25T14:15:35.289456,4897.97,0.12059803888635903,0.2205948898002658,4.803979779263931,6.23507204358822,71.7172726872527,,,,,,47.15555564967665,61.00127419518252,,
Wheel_V_0042.csv,2026-12-02T14:15:35.289456,4997.97,0.13112455668533937,0.22806966722164335,4.706098430463236,6.425395312234925,69.64668007593697,,,,,,46.90267769032161,59.466151518940684,,
Wheel_V_0043.csv,2026-12-09T14:15:35.289456,5097.97,0.11827545808710549,0.2204688328681974,4.786125993086255,6.011674159500567,71.40008969932398,,,,,,46.63255111869977,62.819767526797,,
Wheel_V_0044.csv,2026-12-16T14:15:35.289456,5197.97,0.11790385460565297,0.2114344344196394,4.733649875184586,6.1669368877260435,70.93365571537089,,,,,,47.324561613850015,63.042180302594566,,
Wheel_V_0045.csv,2026-12-23T14:15:35.289456,5297.97,0.12108528494328324,0.21843552667453087,4.877056441961168,6.154370455843914,69.68108534037833,,,,,,47.14409031457861,62.068637825331784,,
Wheel_V_0046.csv,2026-12-30T14:15:35.289456,5397.97,0.10776931310000624,0.21659471595084118,4.654011365750251,6.5375251597031605,70.72148016504096,,,,,,47.00042347931563,62.79990220800514,,
Wheel_V_0047.csv,2027-01-06T14:15:35.289456,5497.97,0.13171887091509557,0.21332547067242844,4.649480276118758,6.021836671929746,70.58091828971676,,,,,,47.31577993332243,61.67626677218323,,
Wheel_V_0048.csv,2027-01-13T14:15:35.289456,5597.97,0.11686824218072263,0.21753291312227582,4.90208160010423,6.190542101445758,68.73275820107271,,,,,,46.92745395574698,60.851816718957004,,
Wheel_V_0049.csv,2027-01-20T14:15:35.289456,5697.97,0.12744746813752322,0.2268437107876201,4.789150068722088,6.66737934284684,70.23877379552421,,,,,,47.151865991685774,63.00791132978266,,
Wheel_V_0050.csv,2027-01-27T14:15:35.289456,5797.97,0.12894698697448032,0.22842661805601708,4.882174869498528,6.324100012501948,69.40560494677443,,,,,,47.10103068299211,62.71790950222227,,
Wheel_V_0051.csv,2027-02-03T14:15:35.289456,5897.97,0.13456469817368166,0.2313481870053542,5.028901870343892,5.735225972700781,71.8982945504366,,,,,,47.07506692040397,61.93290117341939,,
Wheel_V_0052.csv,2027-02-10T14:15:35.289456,5997.97,0.1271874711551992,0.21892337328377406,4.683942000265999,6.476099563528176,70.19178064391066,,,,,,47.17345978242083,61.842027656031796,,
Wheel_V_0053.csv,2027-02-17T14:15:35.289456,6097.97,0.1206916729864245,0.2306700673858696,4.736397798454037,6.339249973008143,69.45689905490991,,,,,,47.22428736501685,62.32341616265531,,
Wheel_V_0054.csv,2027-02-24T14:15:35.289456,6197.97,0.1396284431391168,0.2235896131097383,4.906014586428505,6.506406854893247,69.69485726932925,,,,,,47.32282933999436,62.83057670052499,,
Wheel_V_0055.csv,2027-03-03T14:15:35.289456,6297.97,0.12935317154816628,0.23187250292814274,4.5778934036966294,6.568540781148634,68.46498766973447,,,,,,46.940814119064996,64.95240480710633,,
Wheel_V_0056.csv,2027-03-10T14:15:35.289456,6397.97,0.13011945399804226,0.22118495840167668,4.835630227973915,6.474134704454447,70.27362916855168,,,,,,47.44908846078933,61.55603727922598,,
Wheel_V_0057.csv,2027-03-17T14:15:35.289456,6497.97,0.12637785115496475,0.23134483802623373,4.9981150329213175,7.033304158070289,69.73539636144183,,,,,,47.91848469291694,60.36182661516866,,
Wheel_V_0058.csv,2027-03-24T14:15:35.289456,6597.97,0.13562316573371233,0.22973337263778834,4.821413267264666,6.721267410216259,71.5973004633304,,,,,,47.142709857498254,63.15353986372708,,
Wheel_V_0059.csv,2027-03-31T14:15:35.289456,6697.97,0.12856811721551328,0.22283024297146217,4.9192917243950465,6.3671782111077775,68.87937202503878,,,,,,47.282084028428386,62.77265682172696,,
Wheel_V_0060.csv,2027-04-07T14:15:35.289456,6797.97,0.13392767098085304,0.222068048291992,5.028121849363929,6.813271865136555,69.70549778618644,,,,,,47.367967912805575,61.74636472669335,,
Wheel_V_0061.csv,2027-04-14T14:15:35.289456,6897.97,0.13568698183848532,0.22485506876798306,5.0885125029700875,6.702028589742128,70.2584797291516,,,,,,47.25249897113798,64.06934240857588,,
Wheel_V_0062.csv,2027-04-21T14:15:35.289456,6997.97,0.13852041931206557,0.22997536321730422,5.066562465778218,6.855881390555189,70.26409972729643,,,,,,47.11654613269551,61.80440834006849,,
Wheel_V_0063.csv,2027-04-28T14:15:35.289456,7097.97,0.12839169560564812,0.23677378523467318,4.7122904351341335,6.605908448822443,67.53322116737293,,,,,,47.36027498035811,63.24821484566355,,
Wheel_V_0064.csv,2027-05-05T14:15:35.289456,7197.97,0.13049102363515114,0.22097181946676586,5.126035604945201,6.460592234973842,70.31719135542141,,,,,,47.34249106663112,62.79573783074966,,
Wheel_V_0065.csv,2027-05-12T14:15:35.289456,7297.97,0.1265787066310812,0.22912354844845176,5.190142968089307,6.507076632306158,68.25057782136595,,,,,,47.56770787244732,61.47502826577944,,
Wheel_V_0066.csv,2027-05-19T14:15:35.289456,7397.97,0.13129989326263505,0.22966652726344075,4.765605614554165,6.7879866929449175,68.36825231538285,,,,,,46.967262380891555,66.01915257645268,,
Wheel_V_0067.csv,2027-05-26T14:15:35.289456,7497.97,0.14055873460619697,0.2352807325915219,5.188062128623461,6.713759813088393,68.80703233670506,,,,,,47.56878038654706,61.281627505508226,,
Wheel_V_0068.csv,2027-06-02T14:15:35.289456,7597.97,0.13145874501620045,0.23125924460694872,5.16464892357728,6.782409869002516,70.68628729426257,,,,,,47.48179971952395,61.88626621416287,,
Wheel_V_0069.csv,2027-06-09T14:15:35.289456,7697.97,0.13856332864227416,0.236425785914413,4.953290927852592,7.2423773443420805,70.29193479854592,,,,,,47.47153395393022,61.68048549137277,,
Wheel_V_0070.csv,2027-06-16T14:15:35.289456,7797.97,0.1256098013457256,0.23133664561183664,5.010717537728409,6.968484997977961,70.22348633437913,,,,,,47.170461532462724,62.96605062936968,,
Wheel_V_0071.csv,2027-06-23T14:15:35.289456,7897.97,0.14221035747836677,0.23705501922155123,4.760439597521084,6.885458099379126,70.97993223317953,,,,,,47.44572864609544,61.89764269942783,,
Wheel_V_0072.csv,2027-06-30T14:15:35.289456,7997.97,0.14661792053236614,0.23570686143182448,5.211912555463057,6.956490462833718,70.48110356229446,,,,,,47.36600956242748,62.65485041752969,,
Wheel_V_0073.csv,2027-07-07T14:15:35.289456,8097.97,0.13788832513167226,0.2359913738291491,4.926699115184396,6.779368153136348,69.26176659920851,,,,,,47.4978532941856,62.2193708334891,,
Wheel_V_0074.csv,2027-07-14T14:15:35.289456,8197.97,0.13740080955671136,0.23786232042531616,5.053612653616765,6.637999923230897,70.5792219626154,,,,,,47.63319412294628,64.89223470423464,,
Wheel_V_0075.csv,2027-07-21T14:15:35.289456,8297.97,0.13050036231212914,0.234637781948047,4.937311057597284,7.195962451047143,70.68875001025327,,,,,,47.71046234415752,61.020498177401464,,
Wheel_V_0076.csv,2027-07-28T14:15:35.289456,8397.97,0.14514677439724694,0.2385506376874368,5.393910077421144,6.931507288470385,69.67330666644438,,,,,,47.45099810770344,63.60174591421181,,
Wheel_V_0077.csv,2027-08-04T14:15:35.289456,8497.97,0.13268385831508658,0.2324036877376346,5.168042010079553,6.896181374574303,70.5824126856983,,,,,,47.62176174198503,63.19559130899063,,
Wheel_V_0078.csv,2027-08-11T14:15:35.289456,8597.97,0.13563561886745104,0.23617604444730553,5.200075385016122,6.908951973349621,71.507046595152,,,,,,47.763303336393385,61.42595881540841,,
Wheel_V_0079.csv,2027-08-18T14:15:35.289456,8697.97,0.1500895826237267,0.2412653766043244,5.114128321417639,6.986182307521216,68.96678090466091,,,,,,47.68679153953632,65.40485663206874,,
Wheel_V_0080.csv,2027-08-25T14:15:35.289456,8797.97,0.13939765281794458,0.22933399764104448,5.381462188261962,6.71511820254247,70.53330312437055,,,,,,47.9286874486879,62.61158796391352,,
Wheel_V_0081.csv,2027-09-01T14:15:35.289456,8897.97,0.1391403174376277,0.24200237108813483,5.139745469387226,6.95870685972916,69.84223243741383,,,,,,47.50735813964398,61.18922889220986,,
Wheel_V_0082.csv,2027-09-08T14:15:35.289456,8997.97,0.14679352008764168,0.24419696527058107,5.392177326511289,7.137915597025676,68.99585775163669,,,,,,47.884326384546206,64.68918890341439,,
Wheel_V_0083.csv,2027-09-15T14:15:35.289456,9097.97,0.13924263932005287,0.23207542238574166,5.163066958950621,6.676710812800958,71.87481224668845,,,,,,47.607939105511306,63.80003080768159,,
Wheel_V_0084.csv,2027-09-22T14:15:35.289456,9197.97,0.14217105002606384,0.2451264234453952,5.2091516903933375,7.11620637079344,69.65482995683453,,,,,,47.67025497121265,60.750708094564914,,
Wheel_V_0085.csv,2027-09-29T14:15:35.289456,9297.97,0.14125967488167082,0.24078466661094058,4.919839947081153,7.2050667425719865,68.8143508563845,,,,,,47.809505908932216,64.32900483113401,,
Wheel_V_0086.csv,2027-10-06T14:15:35.289456,9397.97,0.1440190149522041,0.23964956223008213,5.395703736901966,6.812408435586777,68.4741806690086,,,,,,47.81490116811036,62.138119113836936,,
Wheel_V_0087.csv,2027-10-13T14:15:35.289456,9497.97,0.15118129904335306,0.2396163323950284,5.137569578301758,6.788844110379859,69.86091844311014,,,,,,47.473844645916245,61.05345035717699,,
Wheel_V_0088.csv,2027-10-20T14:15:35.289456,9597.97,0.14654278930746376,0.23724675592568165,5.173361253081648,7.140541444490367,68.11998950839418,,,,,,47.871800010383645,64.02743466076501,,
Wheel_V_0089.csv,2027-10-27T14:15:35.289456,9697.97,0.15362012075542278,0.24603714964659085,5.308249684366287,7.212287163078786,69.60618715588978,,,,,,47.94973004979992,61.061698351842296,,
Wheel_V_0090.csv,2027-11-03T14:15:35.289456,9797.97,0.15001532492209704,0.23073468532951188,5.331831335279744,7.53898022147179,68.1577804101826,,,,,,47.4398618389216,64.62055075087703,,
Wheel_V_0091.csv,2027-11-10T14:15:35.289456,9897.97,0.1492895723784071,0.2511301545452922,5.113761203937785,7.0884114929502395,68.11564408247352,,,,,,47.890293620963035,64.1508207484742,,
Wheel_V_0092.csv,2027-11-17T14:15:35.289456,9997.97,0.14986916993369628,0.23837292903859192,5.19366360514543,7.497695315574466,68.52487614000188,,,,,,47.90759838661682,62.96349623327013,,
Wheel_V_0093.csv,2027-11-24T14:15:35.289456,10097.97,0.14898903487422668,0.23882504174656885,5.156678639338197,7.223513553031804,69.61024295921229,,,,,,47.88964700918585,62.75446670690373,,
Wheel_V_0094.csv,2027-12-01T14:15:35.289456,10197.97,0.15588177423382427,0.24086621292485696,5.2456696160120515,7.410840622256617,68.94927445238834,,,,,,47.87773303393716,62.675547794105064,,
Wheel_V_0095.csv,2027-12-08T14:15:35.289456,10297.97,0.1500681555007626,0.24172792918448563,5.189071931003136,7.460039994905322,70.58280728219815,,,,,,47.92932033051664,67.23600878061524,,
Wheel_V_0096.csv,2027-12-15T14:15:35.289456,10397.97,0.15344576980206487,0.25297190319339224,5.03900321507051,7.3897421971311354,69.1726040862502,,,,,,48.01779296555147,63.99614049926659,,
Wheel_V_0097.csv,2027-12-22T14:15:35.289456,10497.97,0.15004175792910282,0.2346994136338174,5.202374305387221,7.348325574396591,69.51011772999799,,,,,,48.009544814499016,62.24482927646815,,
Wheel_V_0098.csv,2027-12-29T14:15:35.289456,10597.97,0.14604414823604586,0.24125431120175905,5.588782287952726,7.765208309786513,70.0290689531484,,,,,,47.9020767785758,63.353243971867435,,
Wheel_V_0099.csv,2028-01-05T14:15:35.289456,10697.97,0.1587064557195991,0.24403423353428663,5.238536286971117,7.4998553449009195,69.29276646833372,,,,,,47.69465467373976,66.08888325266315,,
Wheel_V_0100.csv,2028-01-12T14:15:35.289456,10797.97,0.1516657527455169,0.24950540698313975,5.547957953382857,7.337419991272023,70.39876311620456,,,,,,47.825147240243254,64.40073353839861,,
Wheel_V_0101.csv,2028-01-19T14:15:35.289456,10897.97,0.14806051348483185,0.24242430929822387,5.603011770981853,7.230765994478118,68.3974491968228,,,,,,47.83555835307081,63.42082298601649,,
Wheel_V_0102.csv,2028-01-26T14:15:35.289456,10997.97,0.15074827116768236,0.2509965927923163,5.427034212629236,7.286269344979818,67.81716346017004,,,,,,48.2485761615683,65.72220326421527,,
Wheel_V_0103.csv,2028-02-02T14:15:35.289456,11097.97,0.14646305885259128,0.24983414426190959,5.5043993965921,7.959709862983846,68.19386536800845,,,,,,48.35701049416022,64.0371153330219,,
Wheel_V_0104.csv,2028-02-09T14:15:35.289456,11197.97,0.1531620291442092,0.2379685194178747,5.454652513087751,7.427265687476105,69.6893777469893,,,,,,47.943901078371994,61.27293604259065,,
Wheel_V_0105.csv,2028-02-16T14:15:35.289456,11297.97,0.1522151623567943,0.24078146776693185,5.400507642194142,7.250803378269323,69.97260146992946,,,,,,48.04405537587941,63.74833633312562,,
Wheel_V_0106.csv,2028-02-23T14:15:35.289456,11397.97,0.15450084614460116,0.246452705855448,5.485661085907513,7.590851359887061,70.4136831091549,,,,,,48.33927757023246,63.460008817163555,,
Wheel_V_0107.csv,2028-03-01T14:15:35.289456,11497.97,0.14297631408265302,0.24393534162178593,5.504865914594864,7.660949708139698,67.68369331658185,,,,,,48.015701149684475,62.175820421687135,,
Wheel_V_0108.csv,2028-03-08T14:15:35.289456,11597.97,0.1661680531982463,0.244323085163393,5.427017653576192,7.83040663480298,69.48513686513392,,,,,,47.96377343885687,65.50505621023866,,
Wheel_V_0109.csv,2028-03-15T14:15:35.289456,11697.97,0.15849831184467653,0.24494466524405153,5.475300826036457,7.882602639089534,67.25163353370196,,,,,,48.2272123551281,61.453522689340254,,
Wheel_V_0110.csv,2028-03-22T14:15:35.289456,11797.97,0.15591097068174664,0.249815883521215,5.4472704925424695,7.399153200009391,68.49575122255241,,,,,,48.4821664378126,63.78690697004377,,
Wheel_V_0111.csv,2028-03-29T14:15:35.289456,11897.97,0.1524545578258871,0.25432317874119426,5.50236274650254,7.627107952420649,68.80255704382142,,,,,,48.01240656390379,64.35970717327541,,
Wheel_V_0112.csv,2028-04-05T14:15:35.289456,11997.97,0.1586095856304642,0.2549397217671984,5.519813274497733,7.631281951922928,68.45430675048362,,,,,,47.97347539206071,62.07015937357768,,
Wheel_V_0113.csv,2028-04-12T14:15:35.289456,12097.97,0.15371738287791661,0.2521319502763263,5.713003405137144,7.62688098315404,68.83596033449459,,,,,,48.26389100006402,63.82563815058415,,
Wheel_V_0114.csv,2028-04-19T14:15:35.289456,12197.97,0.16494599168230786,0.2464421013145291,5.405276577761321,7.374717846515232,68.37503846589647,,,,,,48.33055206418328,64.20527866274841,,
Wheel_V_0115.csv,2028-04-26T14:15:35.289456,12297.97,0.15641198035452578,0.25602146089882305,5.633765730729542,7.479402406123498,67.43288081814151,,,,,,48.21264182390624,64.819826787903,,
Wheel_V_0116.csv,2028-05-03T14:15:35.289456,12397.97,0.16010823639952554,0.25538287732777015,5.436674622512001,7.559127125191994,67.49109922231322,,,,,,48.2489738326096,65.44505917544538,,
Wheel_V_0117.csv,2028-05-10T14:15:35.289456,12497.97,0.15740345266432879,0.2584773221145534,5.359387297971073,7.771417053992208,67.42448140059017,,,,,,48.225520461498725,64.9757916771269,,
Wheel_V_0118.csv,2028-05-17T14:15:35.289456,12597.97,0.15151368232395712,0.2544273337920514,5.73736489522567,7.882365815938896,68.22590898714994,,,,,,48.03852978808689,64.21256942126941,,
Wheel_V_0119.csv,2028-05-24T14:15:35.289456,12697.97,0.15536552339022758,0.24573228805025665,5.801568301334585,7.272444540213282,68.11747644354324,,,,,,48.043307661685304,65.62278683428066,,
Wheel_V_0120.csv,2028-05-31T14:15:35.289456,12797.97,0.16288007458285672,0.2572966672793284,5.709270179095516,7.85415726877848,68.14845988240108,,,,,,48.23686545781311,65.64913300573835,,
Wheel_V_0121.csv,2028-06-07T14:15:35.289456,12897.97,0.15886052480722185,0.25185438141620425,5.6205334059537515,8.266937551610877,67.98503498446756,,,,,,48.35638669285086,64.61018526185077,,
Wheel_V_0122.csv,2028-06-14T14:15:35.289456,12997.97,0.1560106796163007,0.25563592475491514,5.707957918345464,7.645020376358785,67.78884112598396,,,,,,48.351340086735256,65.65422402886982,,
Wheel_V_0123.csv,2028-06-21T14:15:35.289456,13097.97,0.1624275740793775,0.25367616168551294,5.620948055071062,8.60564638692929,67.2160357584371,,,,,,48.3559334602301,65.80623696214262,,
Wheel_V_0124.csv,2028-06-28T14:15:35.289456,13197.97,0.16153517659090302,0.25861647638874513,5.604485281209197,8.01433511983174,68.0864693341775,,,,,,48.30979280929578,64.46894249770232,,
Wheel_V_0125.csv,2028-07-05T14:15:35.289456,13297.97,0.16298342296974655,0.2529048999543286,5.430669807865688,7.675221116039587,69.3212294703403,,,,,,48.71470538688767,63.180030162910214,,
Wheel_V_0126.csv,2028-07-12T14:15:35.289456,13397.97,0.16435856332089116,0.2642533225960159,5.540724600003636,7.708840443204155,67.25911274096781,,,,,,48.44284002076145,62.89453822934487,,
Wheel_V_0127.csv,2028-07-19T14:15:35.289456,13497.97,0.16507620243304008,0.25960305475018675,5.672457601377977,7.7783030876953925,68.42395533355005,,,,,,48.615819289978184,64.9935372516705,,
Wheel_V_0128.csv,2028-07-26T14:15:35.289456,13597.97,0.15477592525761164,0.2648713170266136,5.778923202191532,8.0870184237086,65.35979843448345,,,,,,48.1191104773079,65.60920142742137,,
Wheel_V_0129.csv,2028-08-02T14:15:35.289456,13697.97,0.16171117906490276,0.2528980803366137,5.768397135466561,7.65135607066921,69.06625342763984,,,,,,48.43411096296662,64.58765072156757,,
Wheel_V_0130.csv,2028-08-09T14:15:35.289456,13797.97,0.16573908467220275,0.24788679908360747,5.430039534661953,8.431724313305798,67.20446589355014,,,,,,48.525548400260206,63.10015967782532,,
Wheel_V_0131.csv,2028-08-16T14:15:35.289456,13897.97,0.16416929860029994,0.25899181336008076,5.954023911668418,8.109058223569564,67.4006660494086,,,,,,48.79863459075944,66.67952353722825,,
Wheel_V_0132.csv,2028-08-23T14:15:35.289456,13997.97,0.15926626074907746,0.2516187822596416,5.6292929089684325,8.126000976488022,65.92191150293735,,,,,,48.78205167223731,64.99264092091103,,
Wheel_V_0133.csv,2028-08-30T14:15:35.289456,14097.97,0.16100516072844118,0.25847345972999003,5.912530893120525,8.122621693399353,66.97052404149973,,,,,,48.06329436448827,65.24331726897657,,
Wheel_V_0134.csv,2028-09-06T14:15:35.289456,14197.97,0.15814830330487953,0.2586541268821909,5.624165162037212,7.94805178806415,67.36945070434875,,,,,,48.550322065469096,63.387461869467465,,
Wheel_V_0135.csv,2028-09-13T14:15:35.289456,14297.97,0.17610637843695656,0.27048205688062144,5.5713963148762415,7.624568879885732,68.76657715396061,,,,,,48.23296860011862,62.8446064447424,,
Wheel_V_0136.csv,2028-09-20T14:15:35.289456,14397.97,0.16351258170873012,0.2650702045096378,5.68573576488856,7.838205768326308,70.21322185314189,,,,,,48.63849724417043,62.42798109166865,,
Wheel_V_0137.csv,2028-09-27T14:15:35.289456,14497.97,0.16198684495507298,0.26760533433725564,5.6818214980901,8.049936147582319,68.61010992541014,,,,,,48.64100675949527,64.50225290613302,,
Wheel_V_0138.csv,2028-10-04T14:15:35.289456,14597.97,0.16111118829326904,0.2646062211661807,5.790419393185408,8.202764058510668,67.28754587236546,,,,,,48.296265258003736,65.13876445837342,,
Wheel_V_0139.csv,2028-10-11T14:15:35.289456,14697.97,0.1647180044112938,0.25794468222644196,5.689299731325857,8.017475079523892,68.9138587073399,,,,,,48.331623996293686,64.94927998778073,,
Wheel_V_0140.csv,2028-10-18T14:15:35.289456,14797.97,0.16108091276507255,0.2688809594022166,5.803513088491749,7.738219660703128,67.89076579528032,,,,,,48.851268611141855,63.52324162829493,,
Wheel_V_0141.csv,2028-10-25T14:15:35.289456,14897.97,0.16628393985378925,0.26908954865149565,5.755081333797539,7.984290353486607,67.29133381136613,,,,,,48.7210221365728,64.36102008858073,,
Wheel_V_0142.csv,2028-11-01T14:15:35.289456,14997.97,0.1723327902256607,0.25926011913183433,5.743393605100543,7.885520342507336,68.44130941051182,,,,,,48.81039173120553,64.23739056984614,,
Wheel_V_0143.csv,2028-11-08T14:15:35.289456,15097.97,0.16815284331075023,0.2693372058264612,5.86205168790526,8.319670737850291,67.85365497031547,,,,,,48.481708679366676,66.17495368754942,,
Wheel_V_0144.csv,2028-11-15T14:15:35.289456,15197.97,0.171776690907628,0.25826015000659147,5.741380598855162,7.9440162528067,68.31355117782708,,,,,,48.4140119698416,66.09869617601454,,
Wheel_V_0145.csv,2028-11-22T14:15:35.289456,15297.97,0.18031801451109658,0.2573551925864766,5.984421254128309,8.132276054724857,67.68674940921176,,,,,,48.5726031457636,64.41999763876039,,
Wheel_V_0146.csv,2028-11-29T14:15:35.289456,15397.97,0.18122731445688883,0.2685973378559183,6.165298430781778,8.249038212757666,66.00444521059724,,,,,,48.417728300703295,63.86616686382879,,
Wheel_V_0147.csv,2028-12-06T14:15:35.289456,15497.97,0.1735768981854562,0.2648628103807096,5.919671302298769,8.502490954087401,67.8161300424013,,,,,,48.72398775294868,66.05931190238978,,
Wheel_V_0148.csv,2028-12-13T14:15:35.289456,15597.97,0.17569046772257899,0.26476319709036544,5.820315006850769,8.167140430846342,66.78063551476193,,,,,,48.89354116205774,67.72171719531887,,
Wheel_V_0149.csv,2028-12-20T14:15:35.289456,15697.97,0.1726048045522711,0.2600925800260092,5.818221290719439,8.454608849781767,69.28000693143416,,,,,,48.75812491079104,64.38480244164676,,
Wheel_V_0150.csv,2028-12-27T14:15:35.289456,15797.97,0.17363360722560367,0.2573124566671198,5.8372767863643436,8.421723653366818,67.21552078658229,,,,,,48.62125481490991,67.26599192090355,,
Wheel_V_0151.csv,2029-01-03T14:15:35.289456,15897.97,0.16779915512824492,0.26960358034414056,6.0147431616099265,8.329064668926529,67.87202910058181,,,,,,48.889011137492496,64.85538612285809,,
Wheel_V_0152.csv,2029-01-10T14:15:35.289456,15997.97,0.17515233836258337,0.2694240194550991,5.8880876916799245,8.178074533211628,66.15074757580507,,,,,,48.875217015787335,66.08163431848108,,
Wheel_V_0153.csv,2029-01-17T14:15:35.289456,16097.97,0.18126405628951908,0.26697287808134984,6.105314438152546,7.965874989259651,68.59263854918426,,,,,,48.71189520614219,65.26416966020624,,
Wheel_V_0154.csv,2029-01-24T14:15:35.289456,16197.97,0.172497768076759,0.26053982280511573,5.861151595209549,7.887108701280954,68.65998798478267,,,,,,49.11029646710186,64.1201795906859,,
Wheel_V_0155.csv,2029-01-31T14:15:35.289456,16297.97,0.16719721335336107,0.26315657504920814,5.96794608038296,8.23855420811261,69.72785530272266,,,,,,48.52238125371744,65.74199225047244,,
Wheel_V_0156.csv,2029-02-07T14:15:35.289456,16397.97,0.18660428530092477,0.26522134397433955,6.011973749787582,8.217529386526124,67.48749942566805,,,,,,48.42228303896062,64.02768814951624,,
Wheel_V_0157.csv,2029-02-14T14:15:35.289456,16497.97,0.17497582377759738,0.2653385229684151,5.900577817719686,8.592987624816445,68.80049303730243,,,,,,48.97047184221164,64.47862957060407,,
Wheel_V_0158.csv,2029-02-21T14:15:35.289456,16597.97,0.18560160440262324,0.2667065708841513,5.8997720171997186,8.441240056248303,66.6526447785306,,,,,,48.58683787244771,64.51315637127097,,
Wheel_V_0159.csv,2029-02-28T14:15:35.289456,16697.97,0.17840859216517185,0.2737242707699979,6.042922959416259,8.536805124506445,68.87380664164058,,,,,,49.08695423595195,65.47581701111726,,
Wheel_V_0160.csv,2029-03-07T14:15:35.289456,16797.97,0.1855575451445934,0.2716666387889821,6.094612651599202,8.277701255786479,66.26707718923022,,,,,,48.711727665817136,64.17991993424334,,
Wheel_V_0161.csv,2029-03-14T14:15:35.289456,16897.97,0.17968778899659474,0.27034240980476176,5.917709182319943,8.349552235147032,66.61725489523826,,,,,,49.15043636536392,64.72766078740675,,
Wheel_V_0162.csv,2029-03-21T14:15:35.289456,16997.97,0.18098368585676824,0.2773841527844424,6.2579615687478025,8.707366436459667,65.98794025701758,,,,,,48.84039077466892,67.0434663908789,,
Wheel_V_0163.csv,2029-03-28T14:15:35.289456,17097.97,0.18672810787166627,0.26717696957277787,5.876863106876335,8.621675454705564,67.3730061195866,,,,,,49.026594348821696,66.95922765856372,,
Wheel_V_0164.csv,2029-04-04T14:15:35.289456,17197.97,0.16764414479225237,0.26511413869771155,6.127712054295536,8.281385620168827,67.91389665515698,,,,,,48.762805663037774,65.95292997845874,,
Wheel_V_0165.csv,2029-04-11T14:15:35.289456,17297.97,0.18227883476477377,0.27950140584700506,6.016689605018282,8.31381702482278,66.60950396640118,,,,,,49.080159617321385,66.49903876592842,,
Wheel_V_0166.csv,2029-04-18T14:15:35.289456,17397.97,0.17836283879763914,0.2757715537848972,5.9701292459692965,8.40888928069126,65.84740662103664,,,,,,49.04144954575394,65.63304683299602,,
Wheel_V_0167.csv,2029-04-25T14:15:35.289456,17497.97,0.18076447832136822,0.28100307407213726,5.854884055328709,8.78697103444369,68.65024763232917,,,,,,48.904730480511546,65.19880474384297,,
Wheel_V_0168.csv,2029-05-02T14:15:35.289456,17597.97,0.18438561534519182,0.27733614591601663,6.20757897649166,8.463869843817989,67.8042418431314,,,,,,49.02482248389189,65.94590134496366,,
Wheel_V_0169.csv,2029-05-09T14:15:35.289456,17697.97,0.18188019614028036,0.274556670015866,6.1417321335311,8.368467835252915,68.45792332587659,,,,,,49.20400820458829,65.18006856689723,,
Wheel_V_0170.csv,2029-05-16T14:15:35.289456,17797.97,0.1864863920703599,0.2764648368170458,6.151547394470434,8.959424814004318,69.72206126048654,,,,,,48.79671527777774,65.65274634864261,,
Wheel_V_0171.csv,2029-05-23T14:15:35.289456,17897.97,0.1809471470159293,0.2734156623599863,5.96218867496717,9.005387179990446,67.8111125506663,,,,,,48.983829635679115,65.42207722769506,,
Wheel_V_0172.csv,2029-05-30T14:15:35.289456,17997.97,0.18298345453666431,0.2793853623443561,6.221938188229205,8.79484163426295,66.86547438569568,,,,,,49.26334424908172,68.06298454267649,,
Wheel_V_0173.csv,2029-06-06T14:15:35.289456,18097.97,0.18595775131897666,0.27522866444860894,6.241050448250895,8.540108581342107,66.56790513718794,,,,,,48.60233000477251,64.77091021113989,,
Wheel_V_0174.csv,2029-06-13T14:15:35.289456,18197.97,0.18191594491225332,0.27491618349372726,6.251649985843404,8.788910086446228,67.25596203170512,,,,,,49.168676825834375,63.76565575122245,,
Wheel_V_0175.csv,2029-06-20T14:15:35.289456,18297.97,0.19147411816306714,0.27743156587043555,6.082389168829407,8.896209365324637,68.11598856712546,,,,,,48.86564634041172,65.920364527463,,
Wheel_V_0176.csv,2029-06-27T14:15:35.289456,18397.97,0.18116035020358626,0.2765655602440463,6.11920522161941,8.731573720125809,65.308020084496,,,,,,48.98273366477069,65.16874998158316,,
Wheel_V_0177.csv,2029-07-04T14:15:35.289456,18497.97,0.18254417092995842,0.275955607115,6.3844111141157365,9.173720596544994,67.2419419204759,,,,,,49.39216402713582,68.31047666494138,,
Wheel_V_0178.csv,2029-07-11T14:15:35.289456,18597.97,0.1877752565590287,0.27342347021140556,6.304892421565981,8.996431278703652,67.09722643725001,,,,,,49.157344058388496,67.47715094705374,,
Wheel_V_0179.csv,2029-07-18T14:15:35.289456,18697.97,0.1900945208780854,0.27430070538881446,6.087517512299559,8.671732319688024,66.48191403905707,,,,,,49.29206930250361,66.65833063692438,,
Wheel_V_0180.csv,2029-07-25T14:15:35.289456,18797.97,0.1909661228827916,0.2729449816442522,6.285696387687298,8.851949136115852,68.70821181171986,,,,,,49.64868023242858,66.56519638701454,,
Wheel_V_0181.csv,2029-08-01T14:15:35.289456,18897.97,0.189796709938547,0.2822763024809192,6.213290984163177,8.709137237644326,68.37505857284482,,,,,,49.15639534641185,68.3480293976749,,
Wheel_V_0182.csv,2029-08-08T14:15:35.289456,18997.97,0.19328109614671563,0.2748905857894443,6.459217733520259,9.402878534773766,65.78034686406842,,,,,,48.93887250080447,65.49580790796759,,
Wheel_V_0183.csv,2029-08-15T14:15:35.289456,19097.97,0.1907434898563981,0.27836463958219043,6.241194023615715,9.049149008340876,67.0771439255742,,,,,,49.32791254314535,67.47415886194771,,
Wheel_V_0184.csv,2029-08-22T14:15:35.289456,19197.97,0.1861600757528447,0.285447788125209,6.178977982974905,9.016534030608938,66.41375967013481,,,,,,49.229465442937595,68.18059544860314,,
Wheel_V_0185.csv,2029-08-29T14:15:35.289456,19297.97,0.18518544870640558,0.27910007000296394,6.25781751292361,8.987178788629896,65.64461955603706,,,,,,49.65751662576644,66.89276411893499,,
Wheel_V_0186.csv,2029-09-05T14:15:35.289456,19397.97,0.1812998608605389,0.2897708964188399,6.307643153444701,8.93275573350364,67.21393763835546,,,,,,49.3167874349728,66.3262942100271,,
Wheel_V_0187.csv,2029-09-12T14:15:35.289456,19497.97,0.1903512274416005,0.2865586248020429,6.302077421896287,8.934010614245338,65.47541319296566,,,,,,49.387748351246266,68.03577817084245,,
Wheel_V_0188.csv,2029-09-19T14:15:35.289456,19597.97,0.20167431254307056,0.2797486121300582,6.39491080256814,9.082986738271412,67.65196056298007,,,,,,49.34256206409455,67.78415500753394,,
Wheel_V_0189.csv,2029-09-26T14:15:35.289456,19697.97,0.19026471116446633,0.27579744319535854,6.208134823040474,8.935182064193002,66.59950170963592,,,,,,49.31573116321959,64.19718941995839,,
Wheel_V_0190.csv,2029-10-03T14:15:35.289456,19797.97,0.183648807166312,0.2890675890035,6.353297704826838,9.165014849150381,65.48501523134026,,,,,,49.310296770598654,67.80335055368033,,
Wheel_V_0191.csv,2029-10-10T14:15:35.289456,19897.97,0.1917723784695477,0.27688426255858917,6.179192907015105,8.648598441815698,67.943739669025,,,,,,49.4388934354565,68.08771866633015,,
Wheel_V_0192.csv,2029-10-17T14:15:35.289456,19997.97,0.19094169590882182,0.2885377764530853,6.319293935415191,8.782054577708106,66.28060461562934,,,,,,49.09341330772203,67.51411979752929,,
Wheel_V_0193.csv,2029-10-24T14:15:35.289456,20097.97,0.19839749042017338,0.27634516860403036,6.167174735005146,9.059647880904436,66.62398616721094,,,,,,49.36535045477005,66.14258634153882,,
Wheel_V_0194.csv,2029-10-31T14:15:35.289456,20197.97,0.19709208646687038,0.2872995469200203,6.42744429491054,9.183723277257412,66.38212677179357,,,,,,49.41268023004278,67.17725814199517,,
Wheel_V_0195.csv,2029-11-07T14:15:35.289456,20297.97,0.19091493582216718,0.2869201182798731,6.615670512098161,9.184262698199271,65.13876087726466,,,,,,49.357535311358355,65.87078187116317,,
Wheel_V_0196.csv,2029-11-14T14:15:35.289456,20397.97,0.19421528339780403,0.2783103486805557,6.398059230585619,8.931846867591819,64.9893121885001,,,,,,49.31641510894721,66.14388205231353,,
Wheel_V_0197.csv,2029-11-21T14:15:35.289456,20497.97,0.20242303712205292,0.2840492893243022,6.672194718353514,9.055245578876027,67.19855839472872,,,,,,49.794125299681944,68.33318593446583,,
Wheel_V_0198.csv,2029-11-28T14:15:35.289456,20597.97,0.193444796090956,0.29329373184436724,6.5363595931209035,9.180669965681192,68.20849749860464,,,,,,49.69956262244117,70.19933567654707,,
Wheel_V_0199.csv,2029-12-05T14:15:35.289456,20697.97,0.19907569095201086,0.2917924950365919,6.531914691073955,9.5700756932424,66.88881285510007,,,,,,49.71719453577761,68.02649053320435,,
Wheel_V_0200.csv,2029-12-12T14:15:35.289456,20797.97,0.1942016991735659,0.2857797643944595,6.431976271261914,9.177673368748911,65.45801248508232,,,,,,49.71352016647463,67.42394723094364,,
Wheel_V_0201.csv,2029-12-19T14:15:35.289456,20897.97,0.19749475982253206,0.2870831197115316,6.35752900776596,9.133102283572576,68.31861637700344,,,,,,49.65689265984071,66.42705249083794,,
Wheel_V_0202.csv,2029-12-26T14:15:35.289456,20997.97,0.18822680285783266,0.29432010081648774,6.4146833682651145,9.458512474090272,68.22019308761902,,,,,,49.61387040294033,69.14980717817053,,
Wheel_V_0203.csv,2030-01-02T14:15:35.289456,21097.97,0.2040607949270257,0.2912265361217411,6.479254745854745,8.803255963958682,65.5175184260893,,,,,,49.731908685809316,68.45731318954913,,
Wheel_V_0204.csv,2030-01-09T14:15:35.289456,21197.97,0.1982152839893847,0.2870810735513065,6.368209298787186,9.036003385748662,65.21555350868469,,,,,,49.66898380797909,68.68496350291373,,
Wheel_V_0205.csv,2030-01-16T14:15:35.289456,21297.97,0.19492221424892364,0.2888192895104748,6.775759843128048,9.017298155505848,65.56275511048965,,,,,,49.78258190064025,68.61019127589067,,
Wheel_V_0206.csv,2030-01-23T14:15:35.289456,21397.97,0.19039784714933305,0.28329906315616493,6.385914899030118,9.38613858862029,66.74787925359374,,,,,,49.5403891094531,67.4455068054924,,
Wheel_V_0207.csv,2030-01-30T14:15:35.289456,21497.97,0.19774726403489143,0.2982224268670444,6.524300078726719,9.428097230089477,64.24666890650347,,,,,,49.83592554297261,70.26864477095583,,
Wheel_V_0208.csv,2030-02-06T14:15:35.289456,21597.97,0.2000822414188065,0.28956629177649446,6.523224926431584,9.114731521333574,64.37874447646894,,,,,,49.65563075606315,66.56594787597174,,
Wheel_V_0209.csv,2030-02-13T14:15:35.289456,21697.97,0.19772222182331103,0.2897876743069513,6.510466738371181,9.27745272837438,65.40514801454076,,,,,,49.28044568188873,67.56599246371388,,
Wheel_V_0210.csv,2030-02-20T14:15:35.289456,21797.97,0.2008175925361862,0.293467413187674,6.629887165040291,9.962125387147214,65.58405394717944,,,,,,49.616261550834075,67.84986637401651,,
Wheel_V_0211.csv,2030-02-27T14:15:35.289456,21897.97,0.20967072222783556,0.3012788639914895,6.606839823060248,9.60126799153478,65.273235661114,,,,,,50.195531376053246,66.07686797220899,,
Wheel_V_0212.csv,2030-03-06T14:15:35.289456,21997.97,0.2012360385181025,0.2940854598234294,6.853268768606722,9.585877398009739,65.53216520046333,,,,,,49.51093655256148,69.40149909118043,,
Wheel_V_0213.csv,2030-03-13T14:15:35.289456,22097.97,0.20160636715044006,0.29229769963051827,6.617678393768847,9.378542031510465,68.34837828463141,,,,,,49.85249884643423,67.87816595151132,,
Wheel_V_0214.csv,2030-03-20T14:15:35.289456,22197.97,0.200566676019954,0.29188872171709673,6.74942216199871,9.281278097279994,64.94652984014294,,,,,,49.605662653419586,66.7948411853144,,
Wheel_V_0215.csv,2030-03-27T14:15:35.289456,22297.97,0.20260467189012826,0.2929431610283384,6.701212044184324,9.344775989348816,64.89529912112125,,,,,,49.96335165140925,69.12077147662863,,
Wheel_V_0216.csv,2030-04-03T14:15:35.289456,22397.97,0.2035795031848395,0.289850286887154,6.565852672376072,9.103970441354587,66.5137683007904,,,,,,49.700657408577484,68.12207920666047,,
Wheel_V_0217.csv,2030-04-10T14:15:35.289456,22497.97,0.19560045011022265,0.29115510373307996,6.581161352483578,9.300432568589779,65.59643993209001,,,,,,49.852568127140444,67.43337421250965,,
Wheel_V_0218.csv,2030-04-17T14:15:35.289456,22597.97,0.21347346209611223,0.3065076215411321,6.542476908416871,9.526701117636165,67.38161791399138,,,,,,49.92338261104096,67.38590631012414,,
Wheel_V_0219.csv,2030-04-24T14:15:35.289456,22697.97,0.20430495607417012,0.28911565803479133,6.37883081846084,9.418952585569496,66.23776514590926,,,,,,49.919098516893655,66.52370887655948,,
Wheel_V_0220.csv,2030-05-01T14:15:35.289456,22797.97,0.20355401439151508,0.30107552594183956,6.614612254775897,9.38058789992402,64.95184827877522,,,,,,49.51294552716139,65.429032867282,,
Wheel_V_0221.csv,2030-05-08T14:15:35.289456,22897.97,0.20948810954528319,0.2853943854693804,6.536917159940231,9.589270820695287,63.94243521941557,,,,,,49.96020936619556,67.93441634286825,,
Wheel_V_0222.csv,2030-05-15T14:15:35.289456,22997.97,0.2111512656141774,0.29845908819746386,6.7716006395631325,9.358787425693048,64.50901604123088,,,,,,50.06547985926567,65.10607764251864,,
Wheel_V_0223.csv,2030-05-22T14:15:35.289456,23097.97,0.19743451828029046,0.30159012457765544,6.923809353346543,9.786654470281356,65.54103922551619,,,,,,50.08758032641922,68.64336073560769,,
Wheel_V_0224.csv,2030-05-29T14:15:35.289456,23197.97,0.20888747457424303,0.2892640017458342,6.700058383397953,9.579540592318816,65.47266813427132,,,,,,50.060607022684174,68.38094837001617,,
Wheel_V_0225.csv,2030-06-05T14:15:35.289456,23297.97,0.2128867348575664,0.29677638788297384,6.490476670720933,9.77239617383943,65.10503032583688,,,,,,50.08295972713669,66.08301804788759,,
Wheel_V_0226.csv,2030-06-12T14:15:35.289456,23397.97,0.20288590953358657,0.3045740853381293,6.7007644024957855,9.700207668348051,63.652094332267396,,,,,,49.91796880870444,68.48396346119767,,
Wheel_V_0227.csv,2030-06-19T14:15:35.289456,23497.97,0.21045654062970423,0.301344395478695,6.814869269670237,9.924256134560794,66.08189357687306,,,,,,49.89672865990697,68.96468933554425,,
Wheel_V_0228.csv,2030-06-26T14:15:35.289456,23597.97,0.20546798595114876,0.29629080030062593,6.668087278104864,9.460788389249679,65.60346591464013,,,,,,49.63397087433731,69.57069325800853,,
Wheel_V_0229.csv,2030-07-03T14:15:35.289456,23697.97,0.21626131603218077,0.30592678705488646,6.721087790952919,9.559269125295556,65.38731943867332,,,,,,50.063149555207914,66.3945733512189,,
Wheel_V_0230.csv,2030-07-10T14:15:35.289456,23797.97,0.20417372239385725,0.29729367554262065,6.70468524884619,9.344649907748044,66.51276618004331,,,,,,50.03755298354695,67.65285186575332,,
Wheel_V_0231.csv,2030-07-17T14:15:35.289456,23897.97,0.20556758016480242,0.2938119975522514,6.66272219526241,9.550224254679502,65.39688354405416,,,,,,50.29709696058901,68.0518026672692,,
Wheel_V_0232.csv,2030-07-24T14:15:35.289456,23997.97,0.20170433473969906,0.3059654997968896,6.80759568910539,10.172044914193556,63.919047496356775,,,,,,50.02543935815746,70.32904218461816,,
Wheel_V_0233.csv,2030-07-31T14:15:35.289456,24097.97,0.21349201873802037,0.29624322056450664,6.84955067737807,9.874401994953743,63.29805012877121,,,,,,49.95318919003179,69.22154920819449,,
Wheel_V_0234.csv,2030-08-07T14:15:35.289456,24197.97,0.21685928493030301,0.30518599810004,6.78888165331755,9.861367235893127,64.74927241511331,,,,,,50.031940521171606,70.50527169836,,
Wheel_V_0235.csv,2030-08-14T14:15:35.289456,24297.97,0.20800974835062783,0.30737247150882496,6.801241669348614,9.704994861264163,65.10117932489688,,,,,,49.77549961388949,69.47044708192087,,
Wheel_V_0236.csv,2030-08-21T14:15:35.289456,24397.97,0.21619950004808683,0.2965559148832393,6.887386847012467,10.001942651245601,66.22970945346668,,,,,,49.9983060730202,71.4564229100137,,
Wheel_V_0237.csv,2030-08-28T14:15:35.289456,24497.97,0.2203705237546921,0.3093646282758018,6.803024707448648,9.31276219644779,66.16004339119496,,,,,,50.13788642927412,70.0920257585728,,
Wheel_V_0238.csv,2030-09-04T14:15:35.289456,24597.97,0.20987623380398068,0.30556367081068814,6.90064105501181,9.76524193490785,65.18379592052648,,,,,,50.481478208086045,66.4028877459113,,
Wheel_V_0239.csv,2030-09-11T14:15:35.289456,24697.97,0.2161530082547806,0.3021870404696606,6.8004085369583995,9.742057758776534,66.73236991458796,,,,,,50.45222231152738,67.39383330360229,,
Wheel_V_0240.csv,2030-09-18T14:15:35.289456,24797.97,0.2083242136054182,0.303976650770195,7.14205422265287,9.930114003902256,64.56243074913192,,,,,,49.925036818840056,67.9824587105007,,
Wheel_V_0241.csv,2030-09-25T14:15:35.289456,24897.97,0.2208414208860312,0.30394956051626054,6.7963323833074885,9.75768891239044,66.76559327360373,,,,,,50.25079748041296,68.97162412114558,,
Wheel_V_0242.csv,2030-10-02T14:15:35.289456,24997.97,0.2163268115045442,0.3107065251154947,7.060335894422846,10.01603432779149,67.3956008833812,,,,,,50.310183895043444,69.32727881257146,,
Wheel_V_0243.csv,2030-10-09T14:15:35.289456,25097.97,0.2175804102364165,0.2972935360384289,6.852242336913073,9.869795837780073,65.01374130202045,,,,,,49.867364168700576,70.32922525195379,,
Wheel_V_0244.csv,2030-10-16T14:15:35.289456,25197.97,0.2145618237359054,0.30186851846258667,6.784183979255023,9.801413450223105,65.61677072533924,,,,,,50.23826442594757,69.36456891497315,,
Wheel_V_0245.csv,2030-10-23T14:15:35.289456,25297.97,0.21636355844115868,0.31101172284765005,6.851144691820895,9.951135008930972,65.55393678970545,,,,,,50.33590346964009,69.98988887006266,,
Wheel_V_0246.csv,2030-10-30T14:15:35.289456,25397.97,0.21512257459593911,0.3145681896279375,6.948300223626933,9.821201756419548,65.59979893588965,,,,,,50.28904860320501,67.0828012048651,,
Wheel_V_0247.csv,2030-11-06T14:15:35.289456,25497.97,0.24116141401082078,0.3433608237551913,7.687597702993622,11.636589823742025,62.15538281172725,,,,,,51.52937410983467,73.95539035197106,,
Wheel_V_0248.csv,2030-11-13T14:15:35.289456,25597.97,0.2905646998027056,0.3793811201725952,8.569243283227047,12.546905369065092,59.88223808315533,,,,,,52.888768269386524,73.79692949238223,,
Wheel_V_0249.csv,2030-11-20T14:15:35.289456,25697.97,0.33312122251821286,0.4197511215777927,9.454591915404023,14.086934965165089,57.773337447298715,,,,,,54.26385186051611,78.92200928379059,,
Wheel_V_0250.csv,2030-11-27T14:15:35.289456,25797.97,0.35747192917476994,0.44643330845179263,10.408270564898363,16.070048441432284,55.380013731443256,,,,,,55.64785751602315,81.44039098931071,,
Wheel_V_0251.csv,2030-12-04T14:15:35.289456,25897.97,0.41137352296371554,0.46686326328675476,11.23379517421985,17.857427530792144,53.83381159783537,,,,,,56.579557262316,81.73475906888817,,
Wheel_V_0252.csv,2030-12-11T14:15:35.289456,25997.97,0.43736713978352826,0.5065252983479325,12.05231449166465,18.54629328578563,52.16272238959104,,,,,,57.88025534916215,84.59621446046174,,
Wheel_V_0253.csv,2030-12-18T14:15:35.289456,26097.97,0.4787088065042349,0.5424248167013727,12.85302011722134,20.012486372958517,50.97385189392634,,,,,,59.2554161588711,87.00116671651385,,
Wheel_V_0254.csv,2030-12-25T14:15:35.289456,26197.97,0.5155441473026574,0.5825329920823737,13.95326432652428,22.098172407566455,47.45004814295449,,,,,,60.19276297859336,91.7433556732708,,
Wheel_V_0255.csv,2031-01-01T14:15:35.289456,26297.97,0.5376299243329433,0.6093951441431325,14.71532003175142,23.093180219989417,44.42899273796936,,,,,,61.99225094617236,95.81870836060584,,
Wheel_V_0256.csv,2031-01-08T14:15:35.289456,26397.97,0.5886144410383618,0.6470922952230916,15.561237528348565,24.92964476494266,43.73161672842431,,,,,,63.209799719799165,99.94297663455895,,
Wheel_V_0257.csv,2031-01-15T14:15:35.289456,26497.97,0.6217190277715249,0.6805047918777993,16.639424820950953,26.080041294730712,40.2800517190582,,,,,,64.31644050239068,99.00095285636955,,
Wheel_V_0258.csv,2031-01-22T14:15:35.289456,26597.97,0.6604029468659228,0.708006653303128,17.538854227882233,27.595697997019457,39.74651538699524,,,,,,65.94657481752515,104.2953245884346,,
Wheel_V_0259.csv,2031-01-29T14:15:35.289456,26697.97,0.7026149080982248,0.7537559343600476,18.627863174852113,29.094001066927138,35.29322954751688,,,,,,66.84834033230234,107.03182430642974,,
